{"cameraMode":{"drawMode":0,"name":"Shaded","section":"Shading Mode"},"sceneLighting":true,"audioPlay":false,"sceneViewState":{"m_AlwaysRefresh":false,"showFog":true,"showSkybox":true,"showFlares":true,"showImageEffects":true,"showParticleSystems":true,"showVisualEffectGraphs":true,"m_FxEnabled":true},"in2DMode":false,"pivot":{"x":0.08830749988555908,"y":-8.723040580749512,"z":0.493896484375},"rotation":{"x":0.07522127777338028,"y":0.021560316905379297,"z":-0.0016340219881385565,"w":0.9969375729560852},"size":14.530465126037598,"orthographic":false}